path,title,category,subcategory,target_audience,last_update,freshness,destination,status
docs-public/docs_src/dev-notes/TEMPLATE.md,[Feature/Fix Name] - Issue #[Number],TEMPLATE.md,,Docs authors,,Unknown,templates/dev-note-template.md,Ready to migrate
docs-public/docs_src/dev-notes/archive/PR_DESCRIPTION.md,Pull Request: Complete Package Build Configuration - BREAKING CHANGE,archive,,Documentation team (historical record),,Unknown,dev-notes/archive (retain as archive),Archive
docs-public/docs_src/dev-notes/archive/README.md,Archive - Historical Development Documents,archive,,Documentation team (historical record),,Unknown,dev-notes/archive (retain as archive),Archive
docs-public/docs_src/dev-notes/archive/cleanup_reports_20251129/CLEANUP_SUMMARY_20251129.md,Task 4: Cross-Layer æ–‡æ¡£æ¸…ç†æ‰§è¡Œæ€»ç»“,archive,cleanup_reports_20251129,Documentation team (historical record),,Unknown,dev-notes/archive (retain as archive),Archive
docs-public/docs_src/dev-notes/archive/cleanup_reports_20251129/L6_DOC_CLEANUP_REPORT_20251129.md,L6 å±‚æ–‡æ¡£æ¸…ç†æŠ¥å‘Š,archive,cleanup_reports_20251129,Documentation team (historical record),,Unknown,dev-notes/archive (retain as archive),Archive
docs-public/docs_src/dev-notes/archive/cleanup_reports_20251129/PARALLEL_DOC_CLEANUP_TASKS.md,æ–‡æ¡£æ¸…ç†å¹¶è¡Œä»»åŠ¡åˆ†é…,archive,cleanup_reports_20251129,Documentation team (historical record),,Unknown,dev-notes/archive (retain as archive),Archive
docs-public/docs_src/dev-notes/archive/cleanup_reports_20251129/TASK10_TUTORIALS_CLEANUP_SUMMARY.md,Task 10: æ•™ç¨‹ä¸ç¤ºä¾‹æ›´æ–° - æ¸…ç†æ‘˜è¦,archive,cleanup_reports_20251129,Documentation team (historical record),,Unknown,dev-notes/archive (retain as archive),Archive
docs-public/docs_src/dev-notes/archive/cleanup_reports_20251129/TASK11_CLEANUP_REPORT_20251129.md,Task 11 å®ŒæˆæŠ¥å‘Šï¼šå¼€å‘è€…æ–‡æ¡£ä¸ mkdocs é…ç½®æ›´æ–°,archive,cleanup_reports_20251129,Documentation team (historical record),,Unknown,dev-notes/archive (retain as archive),Archive
docs-public/docs_src/dev-notes/archive/cleanup_reports_20251129/TASK5_CLEANUP_REPORT_20251129.md,Task 5 æ–‡æ¡£æ¸…ç†æŠ¥å‘Š (2025-11-29),archive,cleanup_reports_20251129,Documentation team (historical record),,Unknown,dev-notes/archive (retain as archive),Archive
docs-public/docs_src/dev-notes/cross-layer/AGENT_TRAINING_PIPELINE.md,Agent RL/SFT 训练管线设计,cross-layer,,Cross-layer engineering leads,,Unknown,guides/best-practices/,Ready to migrate
docs-public/docs_src/dev-notes/cross-layer/BREAKING_CHANGES_agent_tools_plan.md,Feature Branch: agent_tools_plan - å¼€å‘è€…æ³¨æ„äº‹é¡¹,cross-layer,,Cross-layer engineering leads,,Unknown,guides/best-practices/,Archive candidate
docs-public/docs_src/dev-notes/cross-layer/BUILD_CACHE_MANAGEMENT.md,Build Cache Management,cross-layer,,Cross-layer engineering leads,,Unknown,guides/best-practices/,Ready to migrate
docs-public/docs_src/dev-notes/cross-layer/CAMPUS_NETWORK_ACCESS.md,SAGE Studio è¿œç¨‹è®¿é—®æŒ‡å—,cross-layer,,Cross-layer engineering leads,,Unknown,guides/best-practices/,Ready to migrate
docs-public/docs_src/dev-notes/cross-layer/CODE_SHARING_RAG_INDEXBUILDER.md,SAGE ä»£ç å…±äº«æ¶æ„å®ç°æ€»ç»“,cross-layer,,Cross-layer engineering leads,,Unknown,guides/best-practices/,Ready to migrate
docs-public/docs_src/dev-notes/cross-layer/FINETUNE_ARCHITECTURE.md,Fine-tune åŠŸèƒ½æ¶æ„è°ƒæ•´å»ºè®®,cross-layer,,Cross-layer engineering leads,,Unknown,guides/best-practices/,Ready to migrate
docs-public/docs_src/dev-notes/cross-layer/FINETUNE_BACKEND_INTEGRATION.md,Finetune æ¨¡å‹æ¥å…¥å¯¹è¯åç«¯å®Œæ•´æµç¨‹,cross-layer,,Cross-layer engineering leads,,Unknown,guides/best-practices/,Ready to migrate
docs-public/docs_src/dev-notes/cross-layer/FINETUNE_GPU_RESOURCE_MANAGEMENT.md,Finetune GPU èµ„æºç®¡ç†ç­–ç•¥,cross-layer,,Cross-layer engineering leads,,Unknown,guides/best-practices/,Ready to migrate
docs-public/docs_src/dev-notes/cross-layer/FINETUNE_IMPROVEMENTS_SUMMARY.md,GPU 检测和任务队列改进总结,cross-layer,,Cross-layer engineering leads,,Unknown,guides/best-practices/,Archive candidate
docs-public/docs_src/dev-notes/cross-layer/FINETUNE_PROCESS_PERSISTENCE.md,Finetune ä»»åŠ¡æŒä¹…åŒ– - Studio é‡å¯åç»§ç»­è®­ç»ƒ,cross-layer,,Cross-layer engineering leads,,Unknown,guides/best-practices/,Ready to migrate
docs-public/docs_src/dev-notes/cross-layer/FINETUNE_SAGE_DOCS_FIX.md,ä¿®å¤ï¼šå‡†å¤‡ SAGE æ–‡æ¡£å¤±è´¥,cross-layer,,Cross-layer engineering leads,,Unknown,guides/best-practices/,Ready to migrate
docs-public/docs_src/dev-notes/cross-layer/FINETUNE_SAGE_DOCS_INTEGRATION.md,SAGE Studio å¾®è°ƒåŠŸèƒ½ä½¿ç”¨æŒ‡å—,cross-layer,,Cross-layer engineering leads,,Unknown,guides/best-practices/,Ready to migrate
docs-public/docs_src/dev-notes/cross-layer/MERGE_CONFLICT_RESOLUTION_GUIDE.md,sage_vllm â†’ sage_llm é‡å‘½åå¯¼è‡´çš„åˆå¹¶å†²çªè§£å†³æ–¹æ¡ˆ,cross-layer,,Cross-layer engineering leads,,Unknown,guides/best-practices/,Ready to migrate
docs-public/docs_src/dev-notes/cross-layer/README.md,Cross-Layer Documentation,cross-layer,,Cross-layer engineering leads,,Unknown,guides/best-practices/,Ready to migrate
docs-public/docs_src/dev-notes/cross-layer/SELF_HOSTED_DEPLOYMENT.md,SAGE Studio Self-Hosted éƒ¨ç½²æŒ‡å—,cross-layer,,Cross-layer engineering leads,,Unknown,guides/best-practices/,Ready to migrate
docs-public/docs_src/dev-notes/cross-layer/architecture/ARCHITECTURE_CHECK_REPORT.md,SAGE é¡¹ç›®æ¶æ„ä¸€è‡´æ€§æ£€æŸ¥æŠ¥å‘Š,cross-layer,architecture,System architects,,Unknown,concepts/architecture/overview.md,Archive candidate
docs-public/docs_src/dev-notes/cross-layer/architecture/DATA_TYPES_ARCHITECTURE.md,SAGE æ•°æ®ç±»å‹æ¶æ„è®¾è®¡,cross-layer,architecture,System architects,,Unknown,concepts/architecture/overview.md,Ready to migrate
docs-public/docs_src/dev-notes/cross-layer/architecture/EXAMPLES_TESTING_PYPI_STRATEGY.md,Examples Testing Tools - PyPI Distribution Strategy,cross-layer,architecture,System architects,,Unknown,concepts/architecture/overview.md,Ready to migrate
docs-public/docs_src/dev-notes/cross-layer/architecture/KERNEL_REFACTORING_ANALYSIS_1041.md,Kernel å±‚é‡æ„åˆ†æ - Issue #1041,cross-layer,architecture,System architects,,Unknown,concepts/architecture/overview.md,Ready to migrate
docs-public/docs_src/dev-notes/cross-layer/architecture/NEUROMEM_ARCHITECTURE_ANALYSIS.md,NeuroMem æ¶æ„åˆ†ææŠ¥å‘Š,cross-layer,architecture,System architects,,Unknown,concepts/architecture/overview.md,Ready to migrate
docs-public/docs_src/dev-notes/cross-layer/architecture/SAGE_CHAT_ARCHITECTURE.md,SAGE Chat æ¶æ„è¯¦è§£,cross-layer,architecture,System architects,,Unknown,concepts/architecture/overview.md,Ready to migrate
docs-public/docs_src/dev-notes/cross-layer/architecture/SAGE_CLI_CREATION_PROGRESS.md,SAGE-CLI Package Creation - Progress Report,cross-layer,architecture,System architects,,Unknown,concepts/architecture/overview.md,Ready to migrate
docs-public/docs_src/dev-notes/cross-layer/architecture/SAGE_CLI_PACKAGE_PLAN.md,SAGE CLI Package 创建计划,cross-layer,architecture,System architects,,Unknown,concepts/architecture/overview.md,Archive candidate
docs-public/docs_src/dev-notes/cross-layer/architecture/SAGE_VLLM_CONTROL_PLANE_INTEGRATION.md,SAGE é›†æˆ sageLLM Control Plane å»ºè®®,cross-layer,architecture,System architects,,Unknown,concepts/architecture/overview.md,Ready to migrate
docs-public/docs_src/dev-notes/cross-layer/architecture/VLLM_SERVICE_INTEGRATION_DESIGN.md,VLLM Service Integration – Design Proposal,cross-layer,architecture,System architects,,Unknown,concepts/architecture/overview.md,Ready to migrate
docs-public/docs_src/dev-notes/cross-layer/ci-cd/CHANGELOG_CODE_QUALITY.md,ä»£ç è´¨é‡é…ç½®ç»Ÿä¸€ - å˜æ›´æ€»ç»“,cross-layer,ci-cd,Infra & release engineers,,Unknown,developers/ci-cd.md,Ready to migrate
docs-public/docs_src/dev-notes/cross-layer/ci-cd/CICD_MIGRATION_TO_SAGE_DEV.md,CI/CD Migration to sage-dev Commands,cross-layer,ci-cd,Infra & release engineers,,Unknown,developers/ci-cd.md,Ready to migrate
docs-public/docs_src/dev-notes/cross-layer/ci-cd/CODECOV_SETUP_GUIDE.md,Codecov Integration Setup Guide,cross-layer,ci-cd,Infra & release engineers,,Unknown,developers/ci-cd.md,Ready to migrate
docs-public/docs_src/dev-notes/cross-layer/ci-cd/CODE_QUALITY_GUIDE.md,Pre-commit Hooks é…ç½®æŒ‡å—,cross-layer,ci-cd,Infra & release engineers,,Unknown,developers/ci-cd.md,Ready to migrate
docs-public/docs_src/dev-notes/cross-layer/ci-cd/DEV_INFRASTRUCTURE_SETUP.md,Development Infrastructure Setup - Summary,cross-layer,ci-cd,Infra & release engineers,,Unknown,developers/ci-cd.md,Ready to migrate
docs-public/docs_src/dev-notes/cross-layer/ci-cd/DOCUMENTATION_CHECK_REPORT.md,SAGE é¡¹ç›®æ–‡æ¡£å…¨é¢æ£€æŸ¥æŠ¥å‘Š,cross-layer,ci-cd,Infra & release engineers,,Unknown,developers/ci-cd.md,Archive candidate
docs-public/docs_src/dev-notes/cross-layer/ci-cd/DOCUMENTATION_MAINTENANCE_QUICKREF.md,æ–‡æ¡£ç»´æŠ¤å¿«é€Ÿå‚è€ƒ,cross-layer,ci-cd,Infra & release engineers,,Unknown,developers/ci-cd.md,Ready to migrate
docs-public/docs_src/dev-notes/cross-layer/ci-cd/FIX_LIBSTDCXX_CI_869.md,Fix: libstdc++ CI Check Bug #869,cross-layer,ci-cd,Infra & release engineers,,Unknown,developers/ci-cd.md,Ready to migrate
docs-public/docs_src/dev-notes/cross-layer/ci-cd/GIT_SUBMODULE_OPTIMIZATION.md,Git Submodule 克隆速度优化,cross-layer,ci-cd,Infra & release engineers,,Unknown,developers/ci-cd.md,Ready to migrate
docs-public/docs_src/dev-notes/cross-layer/ci-cd/PACKAGE_README_GUIDELINES.md,Package README ç¼–å†™æŒ‡å—,cross-layer,ci-cd,Infra & release engineers,,Unknown,developers/ci-cd.md,Ready to migrate
docs-public/docs_src/dev-notes/cross-layer/ci-cd/PACKAGE_README_QUALITY_REPORT.md,Package README Quality Report,cross-layer,ci-cd,Infra & release engineers,,Unknown,developers/ci-cd.md,Archive candidate
docs-public/docs_src/dev-notes/cross-layer/ci-cd/PACKAGE_README_QUALITY_REPORT_UPDATED.md,Package README Quality Report,cross-layer,ci-cd,Infra & release engineers,,Unknown,developers/ci-cd.md,Archive candidate
docs-public/docs_src/dev-notes/cross-layer/ci-cd/PIP_INSTALL_MONITOR.md,ğŸ” PIP å®‰è£…ç›‘æ§å·¥å…·,cross-layer,ci-cd,Infra & release engineers,,Unknown,developers/ci-cd.md,Ready to migrate
docs-public/docs_src/dev-notes/cross-layer/ci-cd/PRE_COMMIT_TROUBLESHOOTING.md,Pre-commit Hooks æ•…éšœæ’é™¤æŒ‡å—,cross-layer,ci-cd,Infra & release engineers,,Unknown,developers/ci-cd.md,Ready to migrate
docs-public/docs_src/dev-notes/cross-layer/ci-cd/QUALITY_CHECK_INCONSISTENCY_ISSUE.md,æœ¬åœ° sage-dev quality fix ä¸ CI/CD è´¨é‡æ£€æŸ¥ä¸ä¸€è‡´é—®é¢˜,cross-layer,ci-cd,Infra & release engineers,,Unknown,developers/ci-cd.md,Ready to migrate
docs-public/docs_src/dev-notes/cross-layer/ci-cd/README.md,CI/CD Documentation,cross-layer,ci-cd,Infra & release engineers,,Unknown,developers/ci-cd.md,Ready to migrate
docs-public/docs_src/dev-notes/cross-layer/ci-cd/VERSION_MANAGEMENT.md,SAGE ç‰ˆæœ¬ç®¡ç†ç­–ç•¥,cross-layer,ci-cd,Infra & release engineers,,Unknown,developers/ci-cd.md,Ready to migrate
docs-public/docs_src/dev-notes/cross-layer/control-plane/CONTROL_PLANE_ROUTING_FIX.md,Control Plane è·¯ç”±ä¿®å¤,cross-layer,control-plane,Control plane maintainers,,Unknown,concepts/architecture/overview.md#control-plane,Ready to migrate
docs-public/docs_src/dev-notes/cross-layer/control-plane/LLM_CONTROL_PLANE_TASKS.md,SAGE LLM Control Plane Enhancement Tasks,cross-layer,control-plane,Control plane maintainers,,Unknown,concepts/architecture/overview.md#control-plane,Archive candidate
docs-public/docs_src/dev-notes/cross-layer/data-architecture/DATA_ARCHITECTURE_IMPLEMENTATION_SUMMARY.md,SAGE Data ä¸¤å±‚æ¶æ„å®ç°æ€»ç»“,cross-layer,data-architecture,Data platform engineers,,Unknown,concepts/architecture/design-decisions/,Archive candidate
docs-public/docs_src/dev-notes/cross-layer/data-architecture/DATA_ARCHITECTURE_REDESIGN.md,SAGE Data Architecture Redesign: Two-Layer Marketplace,cross-layer,data-architecture,Data platform engineers,,Unknown,concepts/architecture/design-decisions/,Ready to migrate
docs-public/docs_src/dev-notes/cross-layer/data-architecture/DATA_EXTENSION_GUIDE.md,SAGE Data Extension Guide - å¦‚ä½•æ‰©å±•æ•°æ®æ¶æ„,cross-layer,data-architecture,Data platform engineers,,Unknown,concepts/architecture/design-decisions/,Ready to migrate
docs-public/docs_src/dev-notes/cross-layer/data-architecture/DATA_MIGRATION_GUIDE.md,SAGE Data Migration Guide,cross-layer,data-architecture,Data platform engineers,,Unknown,concepts/architecture/design-decisions/,Ready to migrate
docs-public/docs_src/dev-notes/cross-layer/data-architecture/DATA_QUICK_START.md,SAGE Data å¿«é€Ÿä½¿ç”¨æŒ‡å—,cross-layer,data-architecture,Data platform engineers,,Unknown,concepts/architecture/design-decisions/,Ready to migrate
docs-public/docs_src/dev-notes/cross-layer/deployment/PYPI_SHARED_LIBRARY_FIX.md,PyPI Installation Test - Shared Library Fix,cross-layer,deployment,DevOps & deployment,,Unknown,guides/deployment/,Ready to migrate
docs-public/docs_src/dev-notes/cross-layer/finetune-engine-integration.md,Feature: å¾®è°ƒå¼•æ“é›†æˆåˆ° sageLLM Control Plane,cross-layer,,Cross-layer engineering leads,,Unknown,guides/best-practices/,Ready to migrate
docs-public/docs_src/dev-notes/cross-layer/gateway-rag-service/COMPLETE_FIX_RECORD.md,SAGE Studio é—®é¢˜ä¿®å¤ - å®Œæ•´è®°å½•,cross-layer,gateway-rag-service,Gateway + RAG integrators,,Unknown,guides/packages/sage-gateway/,Ready to migrate
docs-public/docs_src/dev-notes/cross-layer/gateway-rag-service/GATEWAY_RAG_MIGRATION.md,Gateway RAG è¿ç§» - ä½¿ç”¨ SAGE Chat åŸºç¡€è®¾æ–½,cross-layer,gateway-rag-service,Gateway + RAG integrators,,Unknown,guides/packages/sage-gateway/,Ready to migrate
docs-public/docs_src/dev-notes/cross-layer/gateway-rag-service/STUDIO_FIXES_FINAL.md,SAGE Studio é—®é¢˜ä¿®å¤ - æœ€ç»ˆæ€»ç»“,cross-layer,gateway-rag-service,Gateway + RAG integrators,,Unknown,guides/packages/sage-gateway/,Ready to migrate
docs-public/docs_src/dev-notes/cross-layer/migration/APPLICATION_ORGANIZATION_STRATEGY.md,SAGE应用组织策略,cross-layer,migration,Docs migration squad,,Unknown,developers/development-setup.md#migration,Ready to migrate
docs-public/docs_src/dev-notes/cross-layer/migration/EMBEDDING_QUICK_REFERENCE.md,SAGE Embedding ç³»ç»Ÿå¿«é€Ÿå‚è€ƒ ğŸš€,cross-layer,migration,Docs migration squad,,Unknown,developers/development-setup.md#migration,Ready to migrate
docs-public/docs_src/dev-notes/cross-layer/migration/EMBEDDING_README.md,SAGE Embedding ç³»ç»Ÿ ğŸ¯,cross-layer,migration,Docs migration squad,,Unknown,developers/development-setup.md#migration,Ready to migrate
docs-public/docs_src/dev-notes/cross-layer/migration/EMBEDDING_SYSTEM_COMPLETE_SUMMARY.md,SAGE Embedding ç³»ç»Ÿå®Œæ•´é›†æˆæ€»ç»“ ğŸ¯,cross-layer,migration,Docs migration squad,,Unknown,developers/development-setup.md#migration,Archive candidate
docs-public/docs_src/dev-notes/cross-layer/migration/PROJECT_STRUCTURE.md,SAGE é¡¹ç›®ç»“æ„è§„èŒƒ,cross-layer,migration,Docs migration squad,,Unknown,developers/development-setup.md#migration,Ready to migrate
docs-public/docs_src/dev-notes/cross-layer/migration/TOOLS_INTEGRATION_TO_SAGE_TOOLS.md,Tools é›†æˆåˆ° sage-tools åŒ…,cross-layer,migration,Docs migration squad,,Unknown,developers/development-setup.md#migration,Ready to migrate
docs-public/docs_src/dev-notes/cross-layer/parallel-batch-insertion.md,Parallel Batch Insertion for Vector Database,cross-layer,,Cross-layer engineering leads,,Unknown,guides/best-practices/,Ready to migrate
docs-public/docs_src/dev-notes/cross-layer/security/API_KEY_SECURITY.md,API Key å®‰å…¨é…ç½®æŒ‡å—,cross-layer,security,Security & compliance team,,Unknown,security/index.md,Ready to migrate
docs-public/docs_src/dev-notes/cross-layer/security/CONFIG_CLEANUP_REPORT.md,é…ç½®æ–‡ä»¶ API Key å®‰å…¨æ¸…ç†æŠ¥å‘Š,cross-layer,security,Security & compliance team,,Unknown,security/index.md,Archive candidate
docs-public/docs_src/dev-notes/cross-layer/security/README.md,Security Documentation,cross-layer,security,Security & compliance team,,Unknown,security/index.md,Ready to migrate
docs-public/docs_src/dev-notes/cross-layer/security/SECURITY_COMPLETION_REPORT.md,ğŸ‰ SAGE å®‰å…¨æ€§æ”¹è¿› - å®ŒæˆæŠ¥å‘Š,cross-layer,security,Security & compliance team,,Unknown,security/index.md,Archive candidate
docs-public/docs_src/dev-notes/cross-layer/security/SECURITY_UPDATE_SUMMARY.md,API Key 安全加固 - 完整更新总结,cross-layer,security,Security & compliance team,,Unknown,security/index.md,Archive candidate
docs-public/docs_src/dev-notes/cross-layer/security/TODO_SECURITY_CHECKLIST.md,å®‰å…¨æ›´æ–° - å¾…åŠäº‹é¡¹æ¸…å•,cross-layer,security,Security & compliance team,,Unknown,security/index.md,Ready to migrate
docs-public/docs_src/dev-notes/cross-layer/studio-chat/STUDIO_RAG_PIPELINE_FIX.md,SAGE Studio RAG Pipeline ç”Ÿæˆæ ¼å¼ä¿®å¤,cross-layer,studio-chat,Studio chat maintainers,,Unknown,guides/packages/sage-studio/#chat,Ready to migrate
docs-public/docs_src/dev-notes/cross-layer/testing/PYTEST_CONFIG_STRATEGY.md,Pytest é…ç½®ç­–ç•¥,cross-layer,testing,QA & verification team,,Unknown,developers/ci-cd.md#testing,Ready to migrate
docs-public/docs_src/dev-notes/cross-layer/testing/SAGE_LIBS_TEST_COVERAGE_SUMMARY.md,sage-libs æµ‹è¯•è¦†ç›–ç‡æå‡æ€»ç»“æŠ¥å‘Š,cross-layer,testing,QA & verification team,,Unknown,developers/ci-cd.md#testing,Archive candidate
docs-public/docs_src/dev-notes/index.md,å¼€å‘è€…ç¬”è®°,index.md,,Docs maintainers,,Unknown,developers/development-setup.md#dev-notes-index,Ready to migrate
docs-public/docs_src/dev-notes/l1-common/CLEANUP_AUTOMATION.md,ğŸ§¹ SAGE è‡ªåŠ¨æ¸…ç†åŠŸèƒ½è¯´æ˜,l1-common,,Core platform maintainers (L1),,Unknown,guides/packages/sage-common/,Archive candidate
docs-public/docs_src/dev-notes/l1-common/PR-unified-gateway.md,PR: Unified Gateway with Control Plane Integration,l1-common,,Core platform maintainers (L1),,Unknown,guides/packages/sage-common/,Archive candidate
docs-public/docs_src/dev-notes/l1-common/README.md,L1 Common å¼€å‘æ–‡æ¡£,l1-common,,Core platform maintainers (L1),,Unknown,guides/packages/sage-common/,Ready to migrate
docs-public/docs_src/dev-notes/l1-common/VLLM_TORCH_VERSION_CONFLICT.md,vLLM å’Œ Torch ç‰ˆæœ¬å†²çªé—®é¢˜åˆ†æä¸ä¿®å¤,l1-common,,Core platform maintainers (L1),,Unknown,guides/packages/sage-common/,Ready to migrate
docs-public/docs_src/dev-notes/l1-common/control-plane-enhancement.md,sageLLM Control Plane å¢å¼ºè¯´æ˜ (Issue #1284),l1-common,,Core platform maintainers (L1),,Unknown,guides/packages/sage-common/,Ready to migrate
docs-public/docs_src/dev-notes/l1-common/control-plane-roadmap-tasks.md,sageLLM Control Plane å¢å¼º - ä»»åŠ¡ä¹¦,l1-common,,Core platform maintainers (L1),,Unknown,guides/packages/sage-common/,Archive candidate
docs-public/docs_src/dev-notes/l1-common/unified-gateway-tasks.md,Unified Gateway å¼€å‘ä»»åŠ¡,l1-common,,Core platform maintainers (L1),,Unknown,guides/packages/sage-common/,Archive candidate
docs-public/docs_src/dev-notes/l2-platform/CHECKPOINT_SYSTEM.md,SAGE 安装检查点系统,l2-platform,,Platform services engineers (L2),,Unknown,guides/packages/sage-platform/,Ready to migrate
docs-public/docs_src/dev-notes/l2-platform/DEPENDENCY_OPTIMIZATION.md,Dependency Management and Packaging Optimization,l2-platform,,Platform services engineers (L2),,Unknown,guides/packages/sage-platform/,Ready to migrate
docs-public/docs_src/dev-notes/l2-platform/DEPENDENCY_VERIFICATION.md,SAGE ä¾èµ–éªŒè¯ç³»ç»Ÿ,l2-platform,,Platform services engineers (L2),,Unknown,guides/packages/sage-platform/,Ready to migrate
docs-public/docs_src/dev-notes/l2-platform/ENVIRONMENT_AND_CLEANUP.md,Environment isolation and cleanup,l2-platform,,Platform services engineers (L2),,Unknown,guides/packages/sage-platform/,Archive candidate
docs-public/docs_src/dev-notes/l2-platform/INSTALLATION_VALIDATION.md,Installation Validation Guide,l2-platform,,Platform services engineers (L2),,Unknown,guides/packages/sage-platform/,Ready to migrate
docs-public/docs_src/dev-notes/l2-platform/PERFORMANCE_OPTIMIZATION_INTEGRATION.md,SAGE æ€§èƒ½ä¼˜åŒ–åŠŸèƒ½é›†æˆæŒ‡å—,l2-platform,,Platform services engineers (L2),,Unknown,guides/packages/sage-platform/,Ready to migrate
docs-public/docs_src/dev-notes/l2-platform/README.md,L2 Platform å¼€å‘æ–‡æ¡£,l2-platform,,Platform services engineers (L2),,Unknown,guides/packages/sage-platform/,Ready to migrate
docs-public/docs_src/dev-notes/l2-platform/TROUBLESHOOTING.md,ğŸ”§ SAGE æ•…éšœæ’é™¤æŒ‡å— (Troubleshooting Guide),l2-platform,,Platform services engineers (L2),,Unknown,guides/packages/sage-platform/,Ready to migrate
docs-public/docs_src/dev-notes/l3-kernel/KERNEL_REFACTORING_COMPLETED.md,Kernel Layer Refactoring - å®ŒæˆæŠ¥å‘Š,l3-kernel,,Kernel/runtime developers (L3),,Unknown,guides/packages/sage-kernel/,Ready to migrate
docs-public/docs_src/dev-notes/l3-kernel/KEYED_STATE_GUIDE.md,Keyed State Support in SAGE,l3-kernel,,Kernel/runtime developers (L3),,Unknown,guides/packages/sage-kernel/,Ready to migrate
docs-public/docs_src/dev-notes/l3-kernel/README.md,L3 Kernel å¼€å‘æ–‡æ¡£,l3-kernel,,Kernel/runtime developers (L3),,Unknown,guides/packages/sage-kernel/,Ready to migrate
docs-public/docs_src/dev-notes/l3-kernel/RESOURCE_CONFIG_SUPPORT_FEATURE.md,æ·»åŠ ç®—å­çº§åˆ«çš„èµ„æºé…ç½®æ”¯æŒ,l3-kernel,,Kernel/runtime developers (L3),,Unknown,guides/packages/sage-kernel/,Ready to migrate
docs-public/docs_src/dev-notes/l3-kernel/cpu-node-feature-README.md,CPUç‰ˆæœ¬SAGEèŠ‚ç‚¹æ”¯æŒ,l3-kernel,,Kernel/runtime developers (L3),,Unknown,guides/packages/sage-kernel/,Ready to migrate
docs-public/docs_src/dev-notes/l3-kernel/cpu-node-setup.md,CPUç‰ˆæœ¬SAGEèŠ‚ç‚¹è®¾ç½®æŒ‡å—,l3-kernel,,Kernel/runtime developers (L3),,Unknown,guides/packages/sage-kernel/,Ready to migrate
docs-public/docs_src/dev-notes/l3-libs/AGENT_FINETUNE_API_REFERENCE.md,Agent Fine-tuning API Reference,l3-libs,,Library authors & ML infra (L3 libs),,Unknown,guides/packages/sage-libs/,Ready to migrate
docs-public/docs_src/dev-notes/l3-libs/CHAT_FINETUNE_INTEGRATION_SUMMARY.md,SAGE Chat ä¸ Finetune é›†æˆä¼˜åŒ–æ€»ç»“,l3-libs,,Library authors & ML infra (L3 libs),,Unknown,guides/packages/sage-libs/,Archive candidate
docs-public/docs_src/dev-notes/l3-libs/EMBEDDING_CHANGELOG.md,CHANGELOG - SAGE Embedding 系统,l3-libs,,Library authors & ML infra (L3 libs),,Unknown,guides/packages/sage-libs/,Ready to migrate
docs-public/docs_src/dev-notes/l3-libs/EMBEDDING_OPTIMIZATION_PLAN.md,Embedding ç®¡ç†ä¼˜åŒ–æ–¹æ¡ˆ,l3-libs,,Library authors & ML infra (L3 libs),,Unknown,guides/packages/sage-libs/,Archive candidate
docs-public/docs_src/dev-notes/l3-libs/FINETUNE_REFACTOR_SUMMARY.md,SAGE Finetune é‡æ„æ€»ç»“,l3-libs,,Library authors & ML infra (L3 libs),,Unknown,guides/packages/sage-libs/,Archive candidate
docs-public/docs_src/dev-notes/l3-libs/LIBAMM_MEMORY_OPTIMIZATION.md,LibAMM å†…å­˜ä¼˜åŒ–æŒ‡å—,l3-libs,,Library authors & ML infra (L3 libs),,Unknown,guides/packages/sage-libs/,Ready to migrate
docs-public/docs_src/dev-notes/l3-libs/PIPELINE_BUILDER_EMBEDDING_INTEGRATION.md,SAGE Pipeline Builder - Embedding å¢å¼ºé›†æˆ ğŸ¯,l3-libs,,Library authors & ML infra (L3 libs),,Unknown,guides/packages/sage-libs/,Ready to migrate
docs-public/docs_src/dev-notes/l3-libs/README.md,L3 Libs å¼€å‘æ–‡æ¡£,l3-libs,,Library authors & ML infra (L3 libs),,Unknown,guides/packages/sage-libs/,Ready to migrate
docs-public/docs_src/dev-notes/l4-middleware/AUTOSTOP_MODE_SUPPORT.md,autostop åŠŸèƒ½åœ¨ä¸åŒæ¨¡å¼ä¸‹çš„æ”¯æŒæƒ…å†µ,l4-middleware,,Middleware & orchestration team (L4),,Unknown,guides/packages/sage-middleware/,Ready to migrate
docs-public/docs_src/dev-notes/l4-middleware/AUTOSTOP_SERVICE_FIX_SUMMARY.md,autostop=True æœåŠ¡æ¸…ç†ä¿®å¤,l4-middleware,,Middleware & orchestration team (L4),,Unknown,guides/packages/sage-middleware/,Archive candidate
docs-public/docs_src/dev-notes/l4-middleware/DOCUMENT_STORAGE_FEATURE.md,Document Storage Feature in SAGE,l4-middleware,,Middleware & orchestration team (L4),,Unknown,guides/packages/sage-middleware/,Ready to migrate
docs-public/docs_src/dev-notes/l4-middleware/DOCUMENT_STORAGE_STATUS.md,Document Storage Implementation Status,l4-middleware,,Middleware & orchestration team (L4),,Unknown,guides/packages/sage-middleware/,Ready to migrate
docs-public/docs_src/dev-notes/l4-middleware/DOCUMENT_STORAGE_USER_GUIDE.md,æ–‡æ¡£å­˜å‚¨ä½¿ç”¨æŒ‡å—,l4-middleware,,Middleware & orchestration team (L4),,Unknown,guides/packages/sage-middleware/,Ready to migrate
docs-public/docs_src/dev-notes/l4-middleware/FIX_AUTOSTOP_SERVICE_CLEANUP.md,autostop=True æ— æ³•æ­£å¸¸åœæ­¢å¸¦æœ‰ service çš„åº”ç”¨ - ä¿®å¤æ–¹æ¡ˆ,l4-middleware,,Middleware & orchestration team (L4),,Unknown,guides/packages/sage-middleware/,Archive candidate
docs-public/docs_src/dev-notes/l4-middleware/GRAPH_MEMORY_FINAL_STATUS.md,Graph Memory Implementation - Final Status Report,l4-middleware,,Middleware & orchestration team (L4),,Unknown,guides/packages/sage-middleware/,Ready to migrate
docs-public/docs_src/dev-notes/l4-middleware/MEMORY_STATISTICS_FEATURE.md,Memory Statistics Feature for VDBMemoryCollection,l4-middleware,,Middleware & orchestration team (L4),,Unknown,guides/packages/sage-middleware/,Ready to migrate
docs-public/docs_src/dev-notes/l4-middleware/README.md,L4 Middleware Dev Notes,l4-middleware,,Middleware & orchestration team (L4),,Unknown,guides/packages/sage-middleware/,Ready to migrate
docs-public/docs_src/dev-notes/l4-middleware/REMOTE_AUTOSTOP_IMPLEMENTATION.md,RemoteEnvironment autostop åŠŸèƒ½å®ç°å®Œæˆ,l4-middleware,,Middleware & orchestration team (L4),,Unknown,guides/packages/sage-middleware/,Ready to migrate
docs-public/docs_src/dev-notes/l4-middleware/REMOTE_MODE_SUPPORT.md,è¿œç¨‹æ¨¡å¼æ”¯æŒæƒ…å†µæ€»ç»“,l4-middleware,,Middleware & orchestration team (L4),,Unknown,guides/packages/sage-middleware/,Ready to migrate
docs-public/docs_src/dev-notes/l4-middleware/SONG_MIGRATION_COMPLETE.md,SONG Migration Summary,l4-middleware,,Middleware & orchestration team (L4),,Unknown,guides/packages/sage-middleware/,Ready to migrate
docs-public/docs_src/dev-notes/l4-middleware/recomp-integration-tasks.md,RECOMP ç®—æ³•é›†æˆä»»åŠ¡æ‹†åˆ†,l4-middleware,,Middleware & orchestration team (L4),,Unknown,guides/packages/sage-middleware/,Archive candidate
docs-public/docs_src/dev-notes/l4-middleware/refiner-llmlingua-integration-tasks.md,LongLLMLingua & LLMLingua2 é›†æˆä»»åŠ¡æ¸…å•,l4-middleware,,Middleware & orchestration team (L4),,Unknown,guides/packages/sage-middleware/,Archive candidate
docs-public/docs_src/dev-notes/l5-apps/README.md,L5 Apps Dev Notes,l5-apps,,Application builders (L5),,Unknown,guides/packages/sage-apps/,Ready to migrate
docs-public/docs_src/dev-notes/l5-apps/feature-extraction-implementation.md,Feature Extraction Implementation Summary,l5-apps,,Application builders (L5),,Unknown,guides/packages/sage-apps/,Ready to migrate
docs-public/docs_src/dev-notes/l5-benchmark/ICML_REFINER_TASKS.md,ICML Refiner 投稿任务分解,l5-benchmark,,Benchmark & evaluation team (L5),,Unknown,guides/packages/sage-benchmark/,Archive candidate
docs-public/docs_src/dev-notes/l5-benchmark/PAPER1_EXPERIMENTS_DESIGN.md,SAGE-Bench Paper 1: Experiments Design,l5-benchmark,,Benchmark & evaluation team (L5),,Unknown,guides/packages/sage-benchmark/,Ready to migrate
docs-public/docs_src/dev-notes/l5-benchmark/README.md,L5 Benchmark Notes,l5-benchmark,,Benchmark & evaluation team (L5),,Unknown,guides/packages/sage-benchmark/,Ready to migrate
docs-public/docs_src/dev-notes/l5-benchmark/hybrid-scheduler-benchmark/PR.md,Pull Request: Control Plane Scheduler Benchmark Framework,l5-benchmark,hybrid-scheduler-benchmark,Benchmark & evaluation team (L5),,Unknown,guides/packages/sage-benchmark/,Archive candidate
docs-public/docs_src/dev-notes/l5-benchmark/hybrid-scheduler-benchmark/README.md,Control Plane Scheduler Benchmark Implementation,l5-benchmark,hybrid-scheduler-benchmark,Benchmark & evaluation team (L5),,Unknown,guides/packages/sage-benchmark/,Ready to migrate
docs-public/docs_src/dev-notes/l6-cli/CLI_HELP_UPDATE.md,SAGE CLI å¸®åŠ©ä¿¡æ¯æ›´æ–°æ€»ç»“,l6-cli,,CLI & developer-experience team (L6),,Unknown,developers/commands.md,Ready to migrate
docs-public/docs_src/dev-notes/l6-cli/COMMAND_CHEATSHEET.md,SAGE CLI 命令速查表,l6-cli,,CLI & developer-experience team (L6),,Unknown,developers/commands.md,Ready to migrate
docs-public/docs_src/dev-notes/l6-cli/COMMAND_REORGANIZATION_SUMMARY.md,sage-dev å‘½ä»¤é‡ç»„æ€»ç»“,l6-cli,,CLI & developer-experience team (L6),,Unknown,developers/commands.md,Archive candidate
docs-public/docs_src/dev-notes/l6-cli/README.md,L6 CLI Dev Notes,l6-cli,,CLI & developer-experience team (L6),,Unknown,developers/commands.md,Ready to migrate
docs-public/docs_src/dev-notes/l6-cli/llm-preset-launcher.md,LLM Preset Launcher Design,l6-cli,,CLI & developer-experience team (L6),,Unknown,developers/commands.md,Ready to migrate
docs-public/docs_src/dev-notes/l6-gateway/README.md,L6 Gateway Dev Notes,l6-gateway,,Gateway/API maintainers (L6),,Unknown,concepts/architecture/overview.md#gateway,Ready to migrate
docs-public/docs_src/dev-notes/l6-studio/DEPLOYMENT.md,SAGE Studio éƒ¨ç½²æŒ‡å—,l6-studio,,Studio engineering team (L6),,Unknown,guides/packages/sage-studio/,Ready to migrate
docs-public/docs_src/dev-notes/l6-studio/MEMORY_OVERVIEW.md,Studio Memory é›†æˆæ¦‚è§ˆ,l6-studio,,Studio engineering team (L6),,Unknown,guides/packages/sage-studio/,Ready to migrate
docs-public/docs_src/dev-notes/l6-studio/README.md,L6 Studio Dev Notes,l6-studio,,Studio engineering team (L6),,Unknown,guides/packages/sage-studio/,Ready to migrate
docs-public/docs_src/dev-notes/l6-studio/STUDIO_FINETUNE_INTEGRATION.md,Studio å¾®è°ƒ +æ•°æ®æµï¼š,l6-studio,,Studio engineering team (L6),,Unknown,guides/packages/sage-studio/,Ready to migrate
docs-public/docs_src/dev-notes/l6-studio/auth_implementation_prompts.md,SAGE Studio Authentication Implementation Prompts,l6-studio,,Studio engineering team (L6),,Unknown,guides/packages/sage-studio/,Ready to migrate
docs-public/docs_src/dev-notes/l6-studio/multi-agent/README.md,SAGE Studio Multi-Agent æ¶æ„æ”¹è¿›,l6-studio,multi-agent,Studio engineering team (L6),,Unknown,guides/packages/sage-studio/,Ready to migrate
docs-public/docs_src/dev-notes/l6-studio/multi-agent/studio-as-pipeline.md,SAGE Studio ä½œä¸º Pipeline çš„æ¶æ„è®¾è®¡,l6-studio,multi-agent,Studio engineering team (L6),,Unknown,guides/packages/sage-studio/,Ready to migrate
docs-public/docs_src/dev-notes/l6-studio/multi-agent/subtasks/README.md,SAGE Studio Multi-Agent å­ä»»åŠ¡æ¸…å•,l6-studio,multi-agent,Studio engineering team (L6),,Unknown,guides/packages/sage-studio/,Ready to migrate
docs-public/docs_src/dev-notes/l6-studio/multi-agent/subtasks/task1.1-intent-enums.md,Task 1.1: Intent æšä¸¾å®šä¹‰,l6-studio,multi-agent,Studio engineering team (L6),,Unknown,guides/packages/sage-studio/,Ready to migrate
docs-public/docs_src/dev-notes/l6-studio/multi-agent/subtasks/task1.2-intent-tools-definition.md,Task 1.2: Intent 伪工具定义,l6-studio,multi-agent,Studio engineering team (L6),,Unknown,guides/packages/sage-studio/,Ready to migrate
docs-public/docs_src/dev-notes/l6-studio/multi-agent/subtasks/task1.3-intent-classifier-core.md,Task 1.3: IntentClassifier æ ¸å¿ƒå®ç°,l6-studio,multi-agent,Studio engineering team (L6),,Unknown,guides/packages/sage-studio/,Ready to migrate
docs-public/docs_src/dev-notes/l6-studio/multi-agent/subtasks/task1.4-intent-classifier-tests.md,Task 1.4: IntentClassifier å•å…ƒæµ‹è¯•,l6-studio,multi-agent,Studio engineering team (L6),,Unknown,guides/packages/sage-studio/,Ready to migrate
docs-public/docs_src/dev-notes/l6-studio/multi-agent/subtasks/task2.1-knowledge-source-schema.md,Task 2.1: çŸ¥è¯†æº Schema å®šä¹‰,l6-studio,multi-agent,Studio engineering team (L6),,Unknown,guides/packages/sage-studio/,Ready to migrate
docs-public/docs_src/dev-notes/l6-studio/multi-agent/subtasks/task2.2-document-loader.md,Task 2.2: æ–‡æ¡£åŠ è½½å™¨å®ç°,l6-studio,multi-agent,Studio engineering team (L6),,Unknown,guides/packages/sage-studio/,Ready to migrate
docs-public/docs_src/dev-notes/l6-studio/multi-agent/subtasks/task2.3-vector-store-integration.md,Task 2.3: å‘é‡å­˜å‚¨é›†æˆ,l6-studio,multi-agent,Studio engineering team (L6),,Unknown,guides/packages/sage-studio/,Ready to migrate
docs-public/docs_src/dev-notes/l6-studio/multi-agent/subtasks/task2.4-knowledge-manager-api.md,Task 2.4: KnowledgeManager API,l6-studio,multi-agent,Studio engineering team (L6),,Unknown,guides/packages/sage-studio/,Ready to migrate
docs-public/docs_src/dev-notes/l6-studio/multi-agent/subtasks/task3.1-agent-step-schema.md,Task 3.1: AgentStep Schema 定义,l6-studio,multi-agent,Studio engineering team (L6),,Unknown,guides/packages/sage-studio/,Ready to migrate
docs-public/docs_src/dev-notes/l6-studio/multi-agent/subtasks/task3.2-orchestrator-core.md,Task 3.2: Orchestrator æ ¸å¿ƒå®ç°,l6-studio,multi-agent,Studio engineering team (L6),,Unknown,guides/packages/sage-studio/,Ready to migrate
docs-public/docs_src/dev-notes/l6-studio/multi-agent/subtasks/task3.3-stream-handler.md,Task 3.3: æµå¼å“åº”å¤„ç†,l6-studio,multi-agent,Studio engineering team (L6),,Unknown,guides/packages/sage-studio/,Ready to migrate
docs-public/docs_src/dev-notes/l6-studio/multi-agent/subtasks/task3.4-chat-api-integration.md,Task 3.4: Chat API è·¯ç”±é›†æˆ,l6-studio,multi-agent,Studio engineering team (L6),,Unknown,guides/packages/sage-studio/,Ready to migrate
docs-public/docs_src/dev-notes/l6-studio/multi-agent/subtasks/task4.1-base-tool.md,Task 4.1: BaseTool 基类,l6-studio,multi-agent,Studio engineering team (L6),,Unknown,guides/packages/sage-studio/,Ready to migrate
docs-public/docs_src/dev-notes/l6-studio/multi-agent/subtasks/task4.2-knowledge-search-tool.md,Task 4.2: KnowledgeSearchTool å®ç°,l6-studio,multi-agent,Studio engineering team (L6),,Unknown,guides/packages/sage-studio/,Ready to migrate
docs-public/docs_src/dev-notes/l6-studio/multi-agent/subtasks/task4.3-arxiv-search-tool.md,Task 4.3: ArxivSearchTool è®ºæ–‡æœç´¢å·¥å…·,l6-studio,multi-agent,Studio engineering team (L6),,Unknown,guides/packages/sage-studio/,Ready to migrate
docs-public/docs_src/dev-notes/l6-studio/multi-agent/subtasks/task5.1-reasoning-accordion.md,Task 5.1: ReasoningAccordion 组件,l6-studio,multi-agent,Studio engineering team (L6),,Unknown,guides/packages/sage-studio/,Ready to migrate
docs-public/docs_src/dev-notes/l6-studio/multi-agent/subtasks/task5.2-chat-message-update.md,Task 5.2: ChatMessage 组件更新,l6-studio,multi-agent,Studio engineering team (L6),,Unknown,guides/packages/sage-studio/,Ready to migrate
docs-public/docs_src/dev-notes/l6-studio/multi-agent/subtasks/task5.3-sse-client.md,Task 5.3: SSE å®¢æˆ·ç«¯å¤„ç†,l6-studio,multi-agent,Studio engineering team (L6),,Unknown,guides/packages/sage-studio/,Ready to migrate
docs-public/docs_src/dev-notes/l6-studio/multi-agent/subtasks/task6.1-file-upload-service.md,Task 6.1: æ–‡ä»¶ä¸Šä¼ æœåŠ¡,l6-studio,multi-agent,Studio engineering team (L6),,Unknown,guides/packages/sage-studio/,Ready to migrate
docs-public/docs_src/dev-notes/l6-studio/multi-agent/subtasks/task6.2-memory-integration.md,Task 6.2: Memory é›†æˆæœåŠ¡,l6-studio,multi-agent,Studio engineering team (L6),,Unknown,guides/packages/sage-studio/,Ready to migrate
docs-public/docs_src/dev-notes/l6-studio/multi-agent/task1-intent-classifier.md,Task 1: Intent Classifier (æ„å›¾åˆ†ç±»å™¨),l6-studio,multi-agent,Studio engineering team (L6),,Unknown,guides/packages/sage-studio/,Ready to migrate
docs-public/docs_src/dev-notes/l6-studio/multi-agent/task2-knowledge-manager.md,Task 2: Knowledge Manager (çŸ¥è¯†åº“ç®¡ç†å™¨),l6-studio,multi-agent,Studio engineering team (L6),,Unknown,guides/packages/sage-studio/,Ready to migrate
docs-public/docs_src/dev-notes/l6-studio/multi-agent/task3-agent-orchestrator.md,Task 3: Agent Orchestrator (Agent ç¼–æ’å™¨),l6-studio,multi-agent,Studio engineering team (L6),,Unknown,guides/packages/sage-studio/,Ready to migrate
docs-public/docs_src/dev-notes/l6-studio/multi-agent/task4-tools.md,Task 4: Tools Implementation (å·¥å…·å±‚å®ç°),l6-studio,multi-agent,Studio engineering team (L6),,Unknown,guides/packages/sage-studio/,Ready to migrate
docs-public/docs_src/dev-notes/l6-studio/multi-agent/task5-frontend.md,Task 5: Frontend Improvements (å‰ç«¯æ”¹è¿›),l6-studio,multi-agent,Studio engineering team (L6),,Unknown,guides/packages/sage-studio/,Ready to migrate
docs-public/docs_src/dev-notes/l6-studio/multi-agent/task6-file-upload-and-memory.md,Task 6: æ–‡ä»¶ä¸Šä¼ ä¸è®°å¿†é›†æˆ,l6-studio,multi-agent,Studio engineering team (L6),,Unknown,guides/packages/sage-studio/,Ready to migrate
docs-public/docs_src/dev-notes/l6-studio/user-auth-tasks.md,SAGE Studio ç”¨æˆ·ç§æœ‰æ¨¡å—å¼€å‘ä»»åŠ¡,l6-studio,,Studio engineering team (L6),,Unknown,guides/packages/sage-studio/,Archive candidate
docs-public/docs_src/dev-notes/l6-tools/CACHE_MANAGEMENT.md,ç¼“å­˜ç®¡ç†é…ç½®è¯´æ˜,l6-tools,,Tooling & CI maintainers (L6),,Unknown,guides/packages/sage-tools/,Ready to migrate
docs-public/docs_src/dev-notes/l6-tools/CI_TEST_IMPROVEMENTS.md,CI æµ‹è¯•ä¸è¦†ç›–ç‡å¼ºåŒ–,l6-tools,,Tooling & CI maintainers (L6),,Unknown,guides/packages/sage-tools/,Ready to migrate
docs-public/docs_src/dev-notes/l6-tools/GIT_HOOKS_MIGRATION.md,Git Hooks é›†æˆåˆ° sage-tools åŒ…çš„è¿ç§»æ€»ç»“,l6-tools,,Tooling & CI maintainers (L6),,Unknown,guides/packages/sage-tools/,Ready to migrate
docs-public/docs_src/dev-notes/l6-tools/INSTALLATION_TOOLS_ARCHITECTURE.md,SAGE å®‰è£…å·¥å…·æ¶æ„å†³ç­–,l6-tools,,Tooling & CI maintainers (L6),,Unknown,guides/packages/sage-tools/,Ready to migrate
docs-public/docs_src/dev-notes/l6-tools/LOGGING_ENHANCEMENT.md,SAGE å®‰è£…æ—¥å¿—ç³»ç»Ÿå¢å¼º,l6-tools,,Tooling & CI maintainers (L6),,Unknown,guides/packages/sage-tools/,Ready to migrate
docs-public/docs_src/dev-notes/l6-tools/PRE_COMMIT_AUTOFIX_GUIDE.md,Pre-commit è‡ªåŠ¨ä¿®å¤ä¸ç±»å‹æ£€æŸ¥æŒ‡å—,l6-tools,,Tooling & CI maintainers (L6),,Unknown,guides/packages/sage-tools/,Ready to migrate
docs-public/docs_src/dev-notes/l6-tools/README.md,L6 Tools Dev Notes,l6-tools,,Tooling & CI maintainers (L6),,Unknown,guides/packages/sage-tools/,Ready to migrate
docs-public/docs_src/dev-notes/l6-tools/SCRIPTS_CLEANUP_COMPLETE.md,tools/scripts Directory Cleanup Complete,l6-tools,,Tooling & CI maintainers (L6),,Unknown,guides/packages/sage-tools/,Archive candidate
docs-public/docs_src/dev-notes/l6-tools/SELF_HOSTED_RUNNER_SETUP.md,Self-Hosted Runner é…ç½®æŒ‡å— - LibAMM ç¼–è¯‘,l6-tools,,Tooling & CI maintainers (L6),,Unknown,guides/packages/sage-tools/,Ready to migrate
docs-public/docs_src/dev-notes/l6-tools/SUBMODULE_OPERATIONS_GUIDE.md,Submodule è¿ç»´ä¸ CI å¯¹é½æŒ‡å—,l6-tools,,Tooling & CI maintainers (L6),,Unknown,guides/packages/sage-tools/,Ready to migrate
docs-public/docs_src/dev-notes/l6-tools/TOOLS_MIGRATION_NOTES.md,tools â†’ sage-tools è¿ç§»ç¬”è®°ï¼ˆåˆå¹¶ç‰ˆï¼‰,l6-tools,,Tooling & CI maintainers (L6),,Unknown,guides/packages/sage-tools/,Ready to migrate
docs-public/docs_src/dev-notes/package-architecture.md,SAGE åŒ…æ¶æ„,package-architecture.md,,Architecture leads,,Unknown,concepts/architecture/package-structure.md,Ready to migrate
docs-public/docs_src/dev-notes/research_work/README.md,研究工作 (Research Work),research_work,,Research & paper-writing group,,Unknown,community/weekly-reports/ (research updates),Ready to migrate
docs-public/docs_src/dev-notes/research_work/agent-tool-benchmark/README.md,Agent Tool Benchmark,research_work,agent-tool-benchmark,Research & paper-writing group,,Unknown,community/weekly-reports/ (research updates),Ready to migrate
docs-public/docs_src/dev-notes/research_work/agent-tool-benchmark/paper1/icml_prompt.md,Paper 1 (SAGE-Bench) – ICML Writing Prompt,research_work,agent-tool-benchmark,Research & paper-writing group,,Unknown,community/weekly-reports/ (research updates),Archive candidate
docs-public/docs_src/dev-notes/research_work/agent-tool-benchmark/paper2/icml_prompt.md,Paper 2 (SAGE-Agent) – ICML Writing Prompt,research_work,agent-tool-benchmark,Research & paper-writing group,,Unknown,community/weekly-reports/ (research updates),Archive candidate
docs-public/docs_src/dev-notes/research_work/agent-tool-benchmark/paper2/latex/README.md,Paper 2 LaTeX Package,research_work,agent-tool-benchmark,Research & paper-writing group,,Unknown,community/weekly-reports/ (research updates),Ready to migrate
docs-public/docs_src/dev-notes/research_work/agent-tool-benchmark/paper2/presentation_prompt.md,Paper 2 (SIAS) — PPT Prompt,research_work,agent-tool-benchmark,Research & paper-writing group,,Unknown,community/weekly-reports/ (research updates),Archive candidate
docs-public/docs_src/dev-notes/research_work/agent-tool-benchmark/paper2/task_division_prompt.md,Paper 2 (SIAS) — Task Division Prompt,research_work,agent-tool-benchmark,Research & paper-writing group,,Unknown,community/weekly-reports/ (research updates),Archive candidate
docs-public/docs_src/dev-notes/research_work/slo-aware-kv-cache-management-proposal.md,Research Proposal: SLO-Aware KV Cache Management for Collocated LLM-Embedding Services,research_work,,Research & paper-writing group,,Unknown,community/weekly-reports/ (research updates),Ready to migrate
docs-public/docs_src/dev-notes/research_work/slo-aware-kv-cache-management-task-plan.md,SLO-Aware KV Cache Management Work Plan,research_work,,Research & paper-writing group,,Unknown,community/weekly-reports/ (research updates),Archive candidate
docs-public/docs_src/dev-notes/testing/KEYED_STATE_COVERAGE_IMPROVEMENT.md,Keyed State Coverage Improvement Summary,testing,,QA & test engineering,,Unknown,developers/ci-cd.md#testing,Ready to migrate
docs-public/docs_src/dev-notes/testing/README.md,测试策略 (Testing),testing,,QA & test engineering,,Unknown,developers/ci-cd.md#testing,Ready to migrate
docs-public/docs_src/dev-notes/testing/SAGE_MIDDLEWARE_TESTING_SUMMARY.md,Sage-middleware Testing Summary Report,testing,,QA & test engineering,,Unknown,developers/ci-cd.md#testing,Archive candidate
docs-public/docs_src/dev-notes/testing/TEST_IMPROVEMENT_TASKS.md,SAGE æµ‹è¯•è¦†ç›–ç‡æ”¹è¿›ä»»åŠ¡æ‹†åˆ†,testing,,QA & test engineering,,Unknown,developers/ci-cd.md#testing,Archive candidate
